,state,expend,year
0,United States,8045,2014
1,Alabama,7281,2014
2,Alaska,11064,2014
3,Arizona,6452,2014
4,Arkansas,7408,2014
5,California,7549,2014
6,Colorado,6804,2014
7,Connecticut,9859,2014
8,Delaware,10254,2014
9,District of Columbia,11944,2014
10,Florida,8076,2014
11,Georgia,6587,2014
12,Hawaii,7299,2014
13,Idaho,6927,2014
14,Illinois,8262,2014
15,Indiana,8300,2014
16,Iowa,8200,2014
17,Kansas,7651,2014
18,Kentucky,8004,2014
19,Louisiana,7815,2014
20,Maine,9531,2014
21,Maryland,8602,2014
22,Massachusetts,10559,2014
23,Michigan,8055,2014
24,Minnesota,8871,2014
25,Mississippi,7646,2014
26,Missouri,8107,2014
27,Montana,8221,2014
28,Nebraska,8412,2014
29,Nevada,6714,2014
30,New Hampshire,9589,2014
31,New Jersey,8859,2014
32,New Mexico,7214,2014
33,New York,9778,2014
34,North Carolina,7264,2014
35,North Dakota,9851,2014
36,Ohio,8712,2014
37,Oklahoma,7627,2014
38,Oregon,8044,2014
39,Pennsylvania,9258,2014
40,Rhode Island,9551,2014
41,South Carolina,7311,2014
42,South Dakota,8933,2014
43,Tennessee,7372,2014
44,Texas,6998,2014
45,Utah,5982,2014
46,Vermont,10190,2014
47,Virginia,7556,2014
48,Washington,7913,2014
49,West Virginia,9462,2014
50,Wisconsin,8702,2014
51,Wyoming,8320,2014
0,United States,7703,2013
1,Alabama,6996,2013
2,Alaska,10428,2013
3,Arizona,6262,2013
4,Arkansas,6929,2013
5,California,7256,2013
6,Colorado,6472,2013
7,Connecticut,9517,2013
8,Delaware,9766,2013
9,District of Columbia,11466,2013
10,Florida,7688,2013
11,Georgia,6249,2013
12,Hawaii,6955,2013
13,Idaho,6593,2013
14,Illinois,7911,2013
15,Indiana,7923,2013
16,Iowa,7806,2013
17,Kansas,7429,2013
18,Kentucky,7543,2013
19,Louisiana,7487,2013
20,Maine,9133,2013
21,Maryland,8250,2013
22,Massachusetts,10273,2013
23,Michigan,7745,2013
24,Minnesota,8465,2013
25,Mississippi,7362,2013
26,Missouri,7860,2013
27,Montana,7994,2013
28,Nebraska,8133,2013
29,Nevada,6275,2013
30,New Hampshire,9369,2013
31,New Jersey,8444,2013
32,New Mexico,6860,2013
33,New York,9351,2013
34,North Carolina,7027,2013
35,North Dakota,9385,2013
36,Ohio,8286,2013
37,Oklahoma,7293,2013
38,Oregon,7467,2013
39,Pennsylvania,8877,2013
40,Rhode Island,9160,2013
41,South Carolina,7020,2013
42,South Dakota,8547,2013
43,Tennessee,7106,2013
44,Texas,6661,2013
45,Utah,5658,2013
46,Vermont,9919,2013
47,Virginia,7306,2013
48,Washington,7609,2013
49,West Virginia,8969,2013
50,Wisconsin,8189,2013
51,Wyoming,7961,2013
0,United States,7535,2012
1,Alabama,6821,2012
2,Alaska,10130,2012
3,Arizona,6183,2012
4,Arkansas,6804,2012
5,California,7018,2012
6,Colorado,6306,2012
7,Connecticut,9300,2012
8,Delaware,9433,2012
9,District of Columbia,11223,2012
10,Florida,7635,2012
11,Georgia,6009,2012
12,Hawaii,6803,2012
13,Idaho,6380,2012
14,Illinois,7665,2012
15,Indiana,7848,2012
16,Iowa,7648,2012
17,Kansas,7477,2012
18,Kentucky,7289,2012
19,Louisiana,7303,2012
20,Maine,9001,2012
21,Maryland,8115,2012
22,Massachusetts,10071,2012
23,Michigan,7637,2012
24,Minnesota,8177,2012
25,Mississippi,7369,2012
26,Missouri,7758,2012
27,Montana,7645,2012
28,Nebraska,7979,2012
29,Nevada,6026,2012
30,New Hampshire,9048,2012
31,New Jersey,8269,2012
32,New Mexico,6771,2012
33,New York,9076,2012
34,North Carolina,7073,2012
35,North Dakota,8977,2012
36,Ohio,8072,2012
37,Oklahoma,7175,2012
38,Oregon,7119,2012
39,Pennsylvania,8632,2012
40,Rhode Island,8961,2012
41,South Carolina,6853,2012
42,South Dakota,8335,2012
43,Tennessee,7007,2012
44,Texas,6559,2012
45,Utah,5543,2012
46,Vermont,9302,2012
47,Virginia,7145,2012
48,Washington,7461,2012
49,West Virginia,8764,2012
50,Wisconsin,8061,2012
51,Wyoming,7833,2012
0,United States,7292,2011
1,Alabama,6541,2011
2,Alaska,9586,2011
3,Arizona,6076,2011
4,Arkansas,6585,2011
5,California,6737,2011
6,Colorado,6129,2011
7,Connecticut,8950,2011
8,Delaware,9213,2011
9,District of Columbia,11281,2011
10,Florida,7408,2011
11,Georgia,5713,2011
12,Hawaii,6527,2011
13,Idaho,6135,2011
14,Illinois,7429,2011
15,Indiana,7286,2011
16,Iowa,7416,2011
17,Kansas,7152,2011
18,Kentucky,7142,2011
19,Louisiana,7161,2011
20,Maine,8824,2011
21,Maryland,7937,2011
22,Massachusetts,9818,2011
23,Michigan,7406,2011
24,Minnesota,7968,2011
25,Mississippi,6833,2011
26,Missouri,7441,2011
27,Montana,7301,2011
28,Nebraska,7715,2011
29,Nevada,5959,2011
30,New Hampshire,8766,2011
31,New Jersey,7947,2011
32,New Mexico,6567,2011
33,New York,9016,2011
34,North Carolina,6808,2011
35,North Dakota,8758,2011
36,Ohio,7652,2011
37,Oklahoma,6921,2011
38,Oregon,6971,2011
39,Pennsylvania,8432,2011
40,Rhode Island,8782,2011
41,South Carolina,6707,2011
42,South Dakota,8065,2011
43,Tennessee,6742,2011
44,Texas,6328,2011
45,Utah,5341,2011
46,Vermont,8874,2011
47,Virginia,6877,2011
48,Washington,7119,2011
49,West Virginia,8268,2011
50,Wisconsin,7971,2011
51,Wyoming,7554,2011
0,United States,7094,2010
1,Alabama,6421,2010
2,Alaska,9129,2010
3,Arizona,6027,2010
4,Arkansas,6412,2010
5,California,6480,2010
6,Colorado,5979,2010
7,Connecticut,8863,2010
8,Delaware,8822,2010
9,District of Columbia,10876,2010
10,Florida,7301,2010
11,Georgia,5554,2010
12,Hawaii,6496,2010
13,Idaho,5999,2010
14,Illinois,7253,2010
15,Indiana,6987,2010
16,Iowa,7177,2010
17,Kansas,6858,2010
18,Kentucky,6898,2010
19,Louisiana,7227,2010
20,Maine,8539,2010
21,Maryland,7748,2010
22,Massachusetts,9619,2010
23,Michigan,7121,2010
24,Minnesota,7782,2010
25,Mississippi,6642,2010
26,Missouri,7114,2010
27,Montana,7034,2010
28,Nebraska,7524,2010
29,Nevada,5790,2010
30,New Hampshire,8466,2010
31,New Jersey,7778,2010
32,New Mexico,6439,2010
33,New York,8795,2010
34,North Carolina,6615,2010
35,North Dakota,8325,2010
36,Ohio,7525,2010
37,Oklahoma,6648,2010
38,Oregon,6729,2010
39,Pennsylvania,8121,2010
40,Rhode Island,8569,2010
41,South Carolina,6554,2010
42,South Dakota,7704,2010
43,Tennessee,6626,2010
44,Texas,6162,2010
45,Utah,5171,2010
46,Vermont,8488,2010
47,Virginia,6610,2010
48,Washington,6981,2010
49,West Virginia,7960,2010
50,Wisconsin,7709,2010
51,Wyoming,7301,2010
0,United States,6892,2009
1,Alabama,6325,2009
2,Alaska,8745,2009
3,Arizona,5874,2009
4,Arkansas,6238,2009
5,California,6210,2009
6,Colorado,5882,2009
7,Connecticut,8740,2009
8,Delaware,8405,2009
9,District of Columbia,10439,2009
10,Florida,7134,2009
11,Georgia,5513,2009
12,Hawaii,6542,2009
13,Idaho,5700,2009
14,Illinois,6917,2009
15,Indiana,6791,2009
16,Iowa,6946,2009
17,Kansas,6764,2009
18,Kentucky,6698,2009
19,Louisiana,6958,2009
20,Maine,8359,2009
21,Maryland,7507,2009
22,Massachusetts,9417,2009
23,Michigan,6816,2009
24,Minnesota,7521,2009
25,Mississippi,6615,2009
26,Missouri,6902,2009
27,Montana,6701,2009
28,Nebraska,7193,2009
29,Nevada,5700,2009
30,New Hampshire,8134,2009
31,New Jersey,7727,2009
32,New Mexico,6214,2009
33,New York,8542,2009
34,North Carolina,6533,2009
35,North Dakota,7919,2009
36,Ohio,7322,2009
37,Oklahoma,6504,2009
38,Oregon,6484,2009
39,Pennsylvania,7701,2009
40,Rhode Island,8393,2009
41,South Carolina,6363,2009
42,South Dakota,7335,2009
43,Tennessee,6499,2009
44,Texas,6004,2009
45,Utah,5101,2009
46,Vermont,8111,2009
47,Virginia,6452,2009
48,Washington,6838,2009
49,West Virginia,7772,2009
50,Wisconsin,7512,2009
51,Wyoming,6972,2009
0,United States,6612,2008
1,Alabama,6097,2008
2,Alaska,8447,2008
3,Arizona,5660,2008
4,Arkansas,6000,2008
5,California,6038,2008
6,Colorado,5685,2008
7,Connecticut,8219,2008
8,Delaware,8136,2008
9,District of Columbia,9959,2008
10,Florida,6854,2008
11,Georgia,5358,2008
12,Hawaii,6382,2008
13,Idaho,5459,2008
14,Illinois,6653,2008
15,Indiana,6413,2008
16,Iowa,6691,2008
17,Kansas,6589,2008
18,Kentucky,6360,2008
19,Louisiana,6618,2008
20,Maine,8061,2008
21,Maryland,7200,2008
22,Massachusetts,9006,2008
23,Michigan,6517,2008
24,Minnesota,7230,2008
25,Mississippi,6422,2008
26,Missouri,6692,2008
27,Montana,6373,2008
28,Nebraska,6981,2008
29,Nevada,5618,2008
30,New Hampshire,7574,2008
31,New Jersey,7319,2008
32,New Mexico,5916,2008
33,New York,8098,2008
34,North Carolina,6213,2008
35,North Dakota,7439,2008
36,Ohio,6846,2008
37,Oklahoma,6366,2008
38,Oregon,6206,2008
39,Pennsylvania,7489,2008
40,Rhode Island,8079,2008
41,South Carolina,6159,2008
42,South Dakota,6953,2008
43,Tennessee,6305,2008
44,Texas,5758,2008
45,Utah,4990,2008
46,Vermont,7623,2008
47,Virginia,6104,2008
48,Washington,6487,2008
49,West Virginia,7326,2008
50,Wisconsin,7169,2008
51,Wyoming,6811,2008
0,United States,6370,2007
1,Alabama,5928,2007
2,Alaska,7975,2007
3,Arizona,5410,2007
4,Arkansas,5766,2007
5,California,5776,2007
6,Colorado,5522,2007
7,Connecticut,7793,2007
8,Delaware,7726,2007
9,District of Columbia,9562,2007
10,Florida,6585,2007
11,Georgia,5329,2007
12,Hawaii,6098,2007
13,Idaho,5309,2007
14,Illinois,6454,2007
15,Indiana,6279,2007
16,Iowa,6444,2007
17,Kansas,6352,2007
18,Kentucky,6201,2007
19,Louisiana,6292,2007
20,Maine,7718,2007
21,Maryland,6907,2007
22,Massachusetts,8638,2007
23,Michigan,6254,2007
24,Minnesota,7038,2007
25,Mississippi,6175,2007
26,Missouri,6323,2007
27,Montana,6083,2007
28,Nebraska,6663,2007
29,Nevada,5430,2007
30,New Hampshire,7194,2007
31,New Jersey,7098,2007
32,New Mexico,5572,2007
33,New York,7872,2007
34,North Carolina,6014,2007
35,North Dakota,7010,2007
36,Ohio,6660,2007
37,Oklahoma,6033,2007
38,Oregon,5981,2007
39,Pennsylvania,7246,2007
40,Rhode Island,7751,2007
41,South Carolina,5889,2007
42,South Dakota,6579,2007
43,Tennessee,6219,2007
44,Texas,5495,2007
45,Utah,4799,2007
46,Vermont,7295,2007
47,Virginia,5776,2007
48,Washington,6128,2007
49,West Virginia,7086,2007
50,Wisconsin,6867,2007
51,Wyoming,6545,2007
0,United States,6048,2006
1,Alabama,5755,2006
2,Alaska,7476,2006
3,Arizona,5103,2006
4,Arkansas,5469,2006
5,California,5397,2006
6,Colorado,5264,2006
7,Connecticut,7391,2006
8,Delaware,7315,2006
9,District of Columbia,9003,2006
10,Florida,6284,2006
11,Georgia,5148,2006
12,Hawaii,5555,2006
13,Idaho,5057,2006
14,Illinois,6034,2006
15,Indiana,5986,2006
16,Iowa,6173,2006
17,Kansas,6040,2006
18,Kentucky,5977,2006
19,Louisiana,5944,2006
20,Maine,7374,2006
21,Maryland,6530,2006
22,Massachusetts,8056,2006
23,Michigan,5924,2006
24,Minnesota,6663,2006
25,Mississippi,5792,2006
26,Missouri,5812,2006
27,Montana,5743,2006
28,Nebraska,6374,2006
29,Nevada,5150,2006
30,New Hampshire,6733,2006
31,New Jersey,6727,2006
32,New Mexico,5258,2006
33,New York,7518,2006
34,North Carolina,5853,2006
35,North Dakota,6573,2006
36,Ohio,6387,2006
37,Oklahoma,5680,2006
38,Oregon,5742,2006
39,Pennsylvania,6880,2006
40,Rhode Island,7351,2006
41,South Carolina,5654,2006
42,South Dakota,6257,2006
43,Tennessee,5950,2006
44,Texas,5276,2006
45,Utah,4581,2006
46,Vermont,6934,2006
47,Virginia,5462,2006
48,Washington,5729,2006
49,West Virginia,6706,2006
50,Wisconsin,6539,2006
51,Wyoming,6145,2006
0,United States,5740,2005
1,Alabama,5545,2005
2,Alaska,7145,2005
3,Arizona,4828,2005
4,Arkansas,5254,2005
5,California,5107,2005
6,Colorado,4937,2005
7,Connecticut,6997,2005
8,Delaware,6980,2005
9,District of Columbia,8764,2005
10,Florida,5957,2005
11,Georgia,4891,2005
12,Hawaii,5389,2005
13,Idaho,4799,2005
14,Illinois,5690,2005
15,Indiana,5637,2005
16,Iowa,5816,2005
17,Kansas,5786,2005
18,Kentucky,5668,2005
19,Louisiana,5433,2005
20,Maine,7001,2005
21,Maryland,6064,2005
22,Massachusetts,7484,2005
23,Michigan,5528,2005
24,Minnesota,6332,2005
25,Mississippi,5387,2005
26,Missouri,5674,2005
27,Montana,5432,2005
28,Nebraska,5956,2005
29,Nevada,4932,2005
30,New Hampshire,6271,2005
31,New Jersey,6434,2005
32,New Mexico,5021,2005
33,New York,7096,2005
34,North Carolina,5559,2005
35,North Dakota,6205,2005
36,Ohio,6125,2005
37,Oklahoma,5366,2005
38,Oregon,5395,2005
39,Pennsylvania,6596,2005
40,Rhode Island,7020,2005
41,South Carolina,5403,2005
42,South Dakota,5885,2005
43,Tennessee,5773,2005
44,Texas,5060,2005
45,Utah,4399,2005
46,Vermont,6568,2005
47,Virginia,5167,2005
48,Washington,5450,2005
49,West Virginia,6396,2005
50,Wisconsin,6144,2005
51,Wyoming,5683,2005
0,United States,5423,2004
1,Alabama,5252,2004
2,Alaska,6455,2004
3,Arizona,4387,2004
4,Arkansas,4899,2004
5,California,4781,2004
6,Colorado,4831,2004
7,Connecticut,6739,2004
8,Delaware,6618,2004
9,District of Columbia,8394,2004
10,Florida,5690,2004
11,Georgia,4732,2004
12,Hawaii,5018,2004
13,Idaho,4492,2004
14,Illinois,5362,2004
15,Indiana,5407,2004
16,Iowa,5486,2004
17,Kansas,5489,2004
18,Kentucky,5405,2004
19,Louisiana,5262,2004
20,Maine,6580,2004
21,Maryland,5737,2004
22,Massachusetts,7029,2004
23,Michigan,5239,2004
24,Minnesota,6025,2004
25,Mississippi,5091,2004
26,Missouri,5453,2004
27,Montana,5061,2004
28,Nebraska,5596,2004
29,Nevada,4701,2004
30,New Hampshire,5732,2004
31,New Jersey,6006,2004
32,New Mexico,4603,2004
33,New York,6783,2004
34,North Carolina,5265,2004
35,North Dakota,5880,2004
36,Ohio,5793,2004
37,Oklahoma,4971,2004
38,Oregon,5034,2004
39,Pennsylvania,6191,2004
40,Rhode Island,6498,2004
41,South Carolina,5138,2004
42,South Dakota,5425,2004
43,Tennessee,5523,2004
44,Texas,4679,2004
45,Utah,4144,2004
46,Vermont,6134,2004
47,Virginia,4878,2004
48,Washington,5127,2004
49,West Virginia,6034,2004
50,Wisconsin,5782,2004
51,Wyoming,5287,2004
0,United States,5094,2003
1,Alabama,4994,2003
2,Alaska,6099,2003
3,Arizona,4077,2003
4,Arkansas,4616,2003
5,California,4489,2003
6,Colorado,4569,2003
7,Connecticut,6226,2003
8,Delaware,6164,2003
9,District of Columbia,7661,2003
10,Florida,5336,2003
11,Georgia,4358,2003
12,Hawaii,4750,2003
13,Idaho,4252,2003
14,Illinois,5080,2003
15,Indiana,5028,2003
16,Iowa,5211,2003
17,Kansas,5149,2003
18,Kentucky,5086,2003
19,Louisiana,4917,2003
20,Maine,6086,2003
21,Maryland,5380,2003
22,Massachusetts,6606,2003
23,Michigan,4867,2003
24,Minnesota,5692,2003
25,Mississippi,4708,2003
26,Missouri,5193,2003
27,Montana,4795,2003
28,Nebraska,5223,2003
29,Nevada,4398,2003
30,New Hampshire,5227,2003
31,New Jersey,5679,2003
32,New Mexico,4218,2003
33,New York,6388,2003
34,North Carolina,4900,2003
35,North Dakota,5524,2003
36,Ohio,5429,2003
37,Oklahoma,4751,2003
38,Oregon,4677,2003
39,Pennsylvania,5813,2003
40,Rhode Island,6026,2003
41,South Carolina,4834,2003
42,South Dakota,5180,2003
43,Tennessee,5093,2003
44,Texas,4451,2003
45,Utah,3859,2003
46,Vermont,5739,2003
47,Virginia,4539,2003
48,Washington,4867,2003
49,West Virginia,5643,2003
50,Wisconsin,5409,2003
51,Wyoming,4990,2003
0,United States,4755,2002
1,Alabama,4511,2002
2,Alaska,5669,2002
3,Arizona,3779,2002
4,Arkansas,4360,2002
5,California,4126,2002
6,Colorado,4259,2002
7,Connecticut,5944,2002
8,Delaware,5535,2002
9,District of Columbia,7185,2002
10,Florida,5027,2002
11,Georgia,4135,2002
12,Hawaii,4407,2002
13,Idaho,4008,2002
14,Illinois,4795,2002
15,Indiana,4662,2002
16,Iowa,4844,2002
17,Kansas,4853,2002
18,Kentucky,4828,2002
19,Louisiana,4561,2002
20,Maine,5580,2002
21,Maryland,4985,2002
22,Massachusetts,6127,2002
23,Michigan,4551,2002
24,Minnesota,5319,2002
25,Mississippi,4415,2002
26,Missouri,4855,2002
27,Montana,4463,2002
28,Nebraska,4873,2002
29,Nevada,4094,2002
30,New Hampshire,4818,2002
31,New Jersey,5387,2002
32,New Mexico,3992,2002
33,New York,5884,2002
34,North Carolina,4578,2002
35,North Dakota,5324,2002
36,Ohio,5048,2002
37,Oklahoma,4360,2002
38,Oregon,4399,2002
39,Pennsylvania,5413,2002
40,Rhode Island,5607,2002
41,South Carolina,4549,2002
42,South Dakota,4834,2002
43,Tennessee,4702,2002
44,Texas,4256,2002
45,Utah,3610,2002
46,Vermont,5169,2002
47,Virginia,4186,2002
48,Washington,4528,2002
49,West Virginia,5258,2002
50,Wisconsin,5085,2002
51,Wyoming,4692,2002
0,United States,4428,2001
1,Alabama,4168,2001
2,Alaska,5169,2001
3,Arizona,3438,2001
4,Arkansas,4030,2001
5,California,3838,2001
6,Colorado,3992,2001
7,Connecticut,5560,2001
8,Delaware,5091,2001
9,District of Columbia,6663,2001
10,Florida,4745,2001
11,Georgia,3806,2001
12,Hawaii,4104,2001
13,Idaho,3651,2001
14,Illinois,4465,2001
15,Indiana,4344,2001
16,Iowa,4574,2001
17,Kansas,4556,2001
18,Kentucky,4473,2001
19,Louisiana,4289,2001
20,Maine,5129,2001
21,Maryland,4604,2001
22,Massachusetts,5628,2001
23,Michigan,4287,2001
24,Minnesota,4898,2001
25,Mississippi,4087,2001
26,Missouri,4467,2001
27,Montana,4208,2001
28,Nebraska,4562,2001
29,Nevada,3717,2001
30,New Hampshire,4522,2001
31,New Jersey,4990,2001
32,New Mexico,3717,2001
33,New York,5480,2001
34,North Carolina,4363,2001
35,North Dakota,4836,2001
36,Ohio,4661,2001
37,Oklahoma,4106,2001
38,Oregon,4155,2001
39,Pennsylvania,5091,2001
40,Rhode Island,5188,2001
41,South Carolina,4238,2001
42,South Dakota,4379,2001
43,Tennessee,4494,2001
44,Texas,3941,2001
45,Utah,3293,2001
46,Vermont,4722,2001
47,Virginia,3857,2001
48,Washington,4171,2001
49,West Virginia,4887,2001
50,Wisconsin,4752,2001
51,Wyoming,4270,2001
0,United States,4118,2000
1,Alabama,3932,2000
2,Alaska,4566,2000
3,Arizona,3226,2000
4,Arkansas,3737,2000
5,California,3578,2000
6,Colorado,3769,2000
7,Connecticut,5185,2000
8,Delaware,4782,2000
9,District of Columbia,6313,2000
10,Florida,4461,2000
11,Georgia,3606,2000
12,Hawaii,3883,2000
13,Idaho,3394,2000
14,Illinois,4187,2000
15,Indiana,4026,2000
16,Iowa,4254,2000
17,Kansas,4247,2000
18,Kentucky,4172,2000
19,Louisiana,4048,2000
20,Maine,4715,2000
21,Maryland,4239,2000
22,Massachusetts,5200,2000
23,Michigan,4048,2000
24,Minnesota,4524,2000
25,Mississippi,3728,2000
26,Missouri,4177,2000
27,Montana,3858,2000
28,Nebraska,4143,2000
29,Nevada,3448,2000
30,New Hampshire,4245,2000
31,New Jersey,4741,2000
32,New Mexico,3459,2000
33,New York,5086,2000
34,North Carolina,3957,2000
35,North Dakota,4418,2000
36,Ohio,4226,2000
37,Oklahoma,3765,2000
38,Oregon,3752,2000
39,Pennsylvania,4735,2000
40,Rhode Island,4810,2000
41,South Carolina,3862,2000
42,South Dakota,4161,2000
43,Tennessee,4104,2000
44,Texas,3656,2000
45,Utah,3031,2000
46,Vermont,4342,2000
47,Virginia,3671,2000
48,Washington,3870,2000
49,West Virginia,4471,2000
50,Wisconsin,4311,2000
51,Wyoming,3960,2000
0,United States,3893,1999
1,Alabama,3714,1999
2,Alaska,4112,1999
3,Arizona,3095,1999
4,Arkansas,3547,1999
5,California,3464,1999
6,Colorado,3494,1999
7,Connecticut,4957,1999
8,Delaware,4567,1999
9,District of Columbia,6275,1999
10,Florida,4157,1999
11,Georgia,3457,1999
12,Hawaii,3776,1999
13,Idaho,3177,1999
14,Illinois,3936,1999
15,Indiana,3804,1999
16,Iowa,4024,1999
17,Kansas,4004,1999
18,Kentucky,3835,1999
19,Louisiana,3909,1999
20,Maine,4424,1999
21,Maryland,3994,1999
22,Massachusetts,4909,1999
23,Michigan,3845,1999
24,Minnesota,4201,1999
25,Mississippi,3434,1999
26,Missouri,3906,1999
27,Montana,3592,1999
28,Nebraska,3790,1999
29,Nevada,3230,1999
30,New Hampshire,4015,1999
31,New Jersey,4382,1999
32,New Mexico,3320,1999
33,New York,4855,1999
34,North Carolina,3670,1999
35,North Dakota,4165,1999
36,Ohio,3954,1999
37,Oklahoma,3569,1999
38,Oregon,3565,1999
39,Pennsylvania,4458,1999
40,Rhode Island,4514,1999
41,South Carolina,3634,1999
42,South Dakota,3954,1999
43,Tennessee,3849,1999
44,Texas,3496,1999
45,Utah,2795,1999
46,Vermont,3950,1999
47,Virginia,3387,1999
48,Washington,3681,1999
49,West Virginia,4234,1999
50,Wisconsin,4008,1999
51,Wyoming,3626,1999
0,United States,3720,1998
1,Alabama,3601,1998
2,Alaska,3848,1998
3,Arizona,2962,1998
4,Arkansas,3356,1998
5,California,3372,1998
6,Colorado,3350,1998
7,Connecticut,4738,1998
8,Delaware,4201,1998
9,District of Columbia,6124,1998
10,Florida,3975,1998
11,Georgia,3367,1998
12,Hawaii,3659,1998
13,Idaho,3019,1998
14,Illinois,3788,1998
15,Indiana,3596,1998
16,Iowa,3809,1998
17,Kansas,3785,1998
18,Kentucky,3597,1998
19,Louisiana,3723,1998
20,Maine,4091,1998
21,Maryland,3754,1998
22,Massachusetts,4810,1998
23,Michigan,3698,1998
24,Minnesota,4008,1998
25,Mississippi,3328,1998
26,Missouri,3726,1998
27,Montana,3349,1998
28,Nebraska,3554,1998
29,Nevada,3073,1998
30,New Hampshire,3769,1998
31,New Jersey,4224,1998
32,New Mexico,3172,1998
33,New York,4617,1998
34,North Carolina,3441,1998
35,North Dakota,4023,1998
36,Ohio,3759,1998
37,Oklahoma,3401,1998
38,Oregon,3391,1998
39,Pennsylvania,4187,1998
40,Rhode Island,4325,1998
41,South Carolina,3425,1998
42,South Dakota,3657,1998
43,Tennessee,3716,1998
44,Texas,3329,1998
45,Utah,2765,1998
46,Vermont,3618,1998
47,Virginia,3245,1998
48,Washington,3422,1998
49,West Virginia,4045,1998
50,Wisconsin,3707,1998
51,Wyoming,3444,1998
0,United States,3556,1997
1,Alabama,3540,1997
2,Alaska,3654,1997
3,Arizona,2833,1997
4,Arkansas,3227,1997
5,California,3192,1997
6,Colorado,3129,1997
7,Connecticut,4463,1997
8,Delaware,4027,1997
9,District of Columbia,5943,1997
10,Florida,3866,1997
11,Georgia,3250,1997
12,Hawaii,3518,1997
13,Idaho,2857,1997
14,Illinois,3623,1997
15,Indiana,3395,1997
16,Iowa,3522,1997
17,Kansas,3578,1997
18,Kentucky,3424,1997
19,Louisiana,3601,1997
20,Maine,3787,1997
21,Maryland,3702,1997
22,Massachusetts,4513,1997
23,Michigan,3625,1997
24,Minnesota,3703,1997
25,Mississippi,3222,1997
26,Missouri,3514,1997
27,Montana,3157,1997
28,Nebraska,3333,1997
29,Nevada,2954,1997
30,New Hampshire,3527,1997
31,New Jersey,4027,1997
32,New Mexico,3063,1997
33,New York,4378,1997
34,North Carolina,3339,1997
35,North Dakota,3769,1997
36,Ohio,3631,1997
37,Oklahoma,3265,1997
38,Oregon,3092,1997
39,Pennsylvania,4026,1997
40,Rhode Island,4083,1997
41,South Carolina,3284,1997
42,South Dakota,3487,1997
43,Tennessee,3604,1997
44,Texas,3204,1997
45,Utah,2689,1997
46,Vermont,3393,1997
47,Virginia,3113,1997
48,Washington,3168,1997
49,West Virginia,3865,1997
50,Wisconsin,3537,1997
51,Wyoming,3203,1997
0,United States,3406,1996
1,Alabama,3336,1996
2,Alaska,3411,1996
3,Arizona,2801,1996
4,Arkansas,3039,1996
5,California,3130,1996
6,Colorado,3026,1996
7,Connecticut,4237,1996
8,Delaware,3741,1996
9,District of Columbia,5873,1996
10,Florida,3709,1996
11,Georgia,3149,1996
12,Hawaii,3527,1996
13,Idaho,2710,1996
14,Illinois,3476,1996
15,Indiana,3174,1996
16,Iowa,3357,1996
17,Kansas,3391,1996
18,Kentucky,3182,1996
19,Louisiana,3438,1996
20,Maine,3518,1996
21,Maryland,3566,1996
22,Massachusetts,4297,1996
23,Michigan,3463,1996
24,Minnesota,3514,1996
25,Mississippi,3034,1996
26,Missouri,3342,1996
27,Montana,2908,1996
28,Nebraska,3181,1996
29,Nevada,2862,1996
30,New Hampshire,3374,1996
31,New Jersey,3855,1996
32,New Mexico,2905,1996
33,New York,4215,1996
34,North Carolina,3157,1996
35,North Dakota,3636,1996
36,Ohio,3536,1996
37,Oklahoma,3171,1996
38,Oregon,2935,1996
39,Pennsylvania,3813,1996
40,Rhode Island,3869,1996
41,South Carolina,3026,1996
42,South Dakota,3280,1996
43,Tennessee,3434,1996
44,Texas,3017,1996
45,Utah,2492,1996
46,Vermont,3189,1996
47,Virginia,2956,1996
48,Washington,3081,1996
49,West Virginia,3638,1996
50,Wisconsin,3385,1996
51,Wyoming,3024,1996
0,United States,3266,1995
1,Alabama,3163,1995
2,Alaska,3109,1995
3,Arizona,2717,1995
4,Arkansas,2896,1995
5,California,3056,1995
6,Colorado,2915,1995
7,Connecticut,4106,1995
8,Delaware,3638,1995
9,District of Columbia,5659,1995
10,Florida,3547,1995
11,Georgia,3040,1995
12,Hawaii,3319,1995
13,Idaho,2553,1995
14,Illinois,3340,1995
15,Indiana,3128,1995
16,Iowa,3168,1995
17,Kansas,3217,1995
18,Kentucky,2989,1995
19,Louisiana,3329,1995
20,Maine,3259,1995
21,Maryland,3407,1995
22,Massachusetts,4108,1995
23,Michigan,3291,1995
24,Minnesota,3355,1995
25,Mississippi,2850,1995
26,Missouri,3179,1995
27,Montana,2850,1995
28,Nebraska,2958,1995
29,Nevada,2785,1995
30,New Hampshire,3146,1995
31,New Jersey,3749,1995
32,New Mexico,2740,1995
33,New York,4021,1995
34,North Carolina,2959,1995
35,North Dakota,3490,1995
36,Ohio,3335,1995
37,Oklahoma,2996,1995
38,Oregon,2833,1995
39,Pennsylvania,3721,1995
40,Rhode Island,3748,1995
41,South Carolina,2899,1995
42,South Dakota,3075,1995
43,Tennessee,3267,1995
44,Texas,2871,1995
45,Utah,2334,1995
46,Vermont,3045,1995
47,Virginia,2795,1995
48,Washington,3013,1995
49,West Virginia,3457,1995
50,Wisconsin,3202,1995
51,Wyoming,2841,1995
0,United States,3117,1994
1,Alabama,2991,1994
2,Alaska,2865,1994
3,Arizona,2677,1994
4,Arkansas,2731,1994
5,California,2993,1994
6,Colorado,2788,1994
7,Connecticut,3851,1994
8,Delaware,3468,1994
9,District of Columbia,5524,1994
10,Florida,3433,1994
11,Georgia,2904,1994
12,Hawaii,3124,1994
13,Idaho,2412,1994
14,Illinois,3202,1994
15,Indiana,3008,1994
16,Iowa,3023,1994
17,Kansas,3034,1994
18,Kentucky,2798,1994
19,Louisiana,3203,1994
20,Maine,2993,1994
21,Maryland,3293,1994
22,Massachusetts,3903,1994
23,Michigan,3097,1994
24,Minnesota,3157,1994
25,Mississippi,2632,1994
26,Missouri,3063,1994
27,Montana,2654,1994
28,Nebraska,2825,1994
29,Nevada,2736,1994
30,New Hampshire,2888,1994
31,New Jersey,3548,1994
32,New Mexico,2569,1994
33,New York,3836,1994
34,North Carolina,2785,1994
35,North Dakota,3220,1994
36,Ohio,3174,1994
37,Oklahoma,2800,1994
38,Oregon,2685,1994
39,Pennsylvania,3537,1994
40,Rhode Island,3390,1994
41,South Carolina,2756,1994
42,South Dakota,2859,1994
43,Tennessee,3059,1994
44,Texas,2719,1994
45,Utah,2223,1994
46,Vermont,2784,1994
47,Virginia,2675,1994
48,Washington,2847,1994
49,West Virginia,3236,1994
50,Wisconsin,3025,1994
51,Wyoming,2634,1994
0,United States,2996,1993
1,Alabama,2854,1993
2,Alaska,2770,1993
3,Arizona,2621,1993
4,Arkansas,2604,1993
5,California,2940,1993
6,Colorado,2713,1993
7,Connecticut,3651,1993
8,Delaware,3234,1993
9,District of Columbia,5443,1993
10,Florida,3312,1993
11,Georgia,2826,1993
12,Hawaii,2932,1993
13,Idaho,2352,1993
14,Illinois,3062,1993
15,Indiana,2919,1993
16,Iowa,2867,1993
17,Kansas,2873,1993
18,Kentucky,2697,1993
19,Louisiana,3051,1993
20,Maine,2871,1993
21,Maryland,3123,1993
22,Massachusetts,3772,1993
23,Michigan,2937,1993
24,Minnesota,2954,1993
25,Mississippi,2475,1993
26,Missouri,2881,1993
27,Montana,2589,1993
28,Nebraska,2677,1993
29,Nevada,2619,1993
30,New Hampshire,2772,1993
31,New Jersey,3346,1993
32,New Mexico,2487,1993
33,New York,3648,1993
34,North Carolina,2621,1993
35,North Dakota,3027,1993
36,Ohio,3054,1993
37,Oklahoma,2632,1993
38,Oregon,2601,1993
39,Pennsylvania,3415,1993
40,Rhode Island,3345,1993
41,South Carolina,2603,1993
42,South Dakota,2664,1993
43,Tennessee,2952,1993
44,Texas,2653,1993
45,Utah,2182,1993
46,Vermont,2634,1993
47,Virginia,2555,1993
48,Washington,2751,1993
49,West Virginia,3054,1993
50,Wisconsin,2878,1993
51,Wyoming,2475,1993
0,United States,2852,1992
1,Alabama,2716,1992
2,Alaska,2646,1992
3,Arizona,2506,1992
4,Arkansas,2493,1992
5,California,2839,1992
6,Colorado,2636,1992
7,Connecticut,3525,1992
8,Delaware,3038,1992
9,District of Columbia,5184,1992
10,Florida,3153,1992
11,Georgia,2671,1992
12,Hawaii,2730,1992
13,Idaho,2254,1992
14,Illinois,2918,1992
15,Indiana,2741,1992
16,Iowa,2733,1992
17,Kansas,2765,1992
18,Kentucky,2575,1992
19,Louisiana,2862,1992
20,Maine,2685,1992
21,Maryland,2951,1992
22,Massachusetts,3528,1992
23,Michigan,2789,1992
24,Minnesota,2802,1992
25,Mississippi,2310,1992
26,Missouri,2730,1992
27,Montana,2508,1992
28,Nebraska,2552,1992
29,Nevada,2564,1992
30,New Hampshire,2681,1992
31,New Jersey,3197,1992
32,New Mexico,2396,1992
33,New York,3435,1992
34,North Carolina,2444,1992
35,North Dakota,2891,1992
36,Ohio,2895,1992
37,Oklahoma,2539,1992
38,Oregon,2493,1992
39,Pennsylvania,3250,1992
40,Rhode Island,3165,1992
41,South Carolina,2439,1992
42,South Dakota,2560,1992
43,Tennessee,2768,1992
44,Texas,2531,1992
45,Utah,2066,1992
46,Vermont,2481,1992
47,Virginia,2432,1992
48,Washington,2685,1992
49,West Virginia,2856,1992
50,Wisconsin,2720,1992
51,Wyoming,2289,1992
0,United States,2672,1991
1,Alabama,2535,1991
2,Alaska,2558,1991
3,Arizona,2447,1991
4,Arkansas,2363,1991
5,California,2673,1991
6,Colorado,2498,1991
7,Connecticut,3315,1991
8,Delaware,2837,1991
9,District of Columbia,4660,1991
10,Florida,2949,1991
11,Georgia,2497,1991
12,Hawaii,2603,1991
13,Idaho,2125,1991
14,Illinois,2729,1991
15,Indiana,2541,1991
16,Iowa,2591,1991
17,Kansas,2613,1991
18,Kentucky,2385,1991
19,Louisiana,2647,1991
20,Maine,2548,1991
21,Maryland,2786,1991
22,Massachusetts,3326,1991
23,Michigan,2663,1991
24,Minnesota,2698,1991
25,Mississippi,2174,1991
26,Missouri,2516,1991
27,Montana,2355,1991
28,Nebraska,2375,1991
29,Nevada,2381,1991
30,New Hampshire,2457,1991
31,New Jersey,2956,1991
32,New Mexico,2240,1991
33,New York,3205,1991
34,North Carolina,2263,1991
35,North Dakota,2688,1991
36,Ohio,2681,1991
37,Oklahoma,2366,1991
38,Oregon,2308,1991
39,Pennsylvania,3019,1991
40,Rhode Island,2936,1991
41,South Carolina,2262,1991
42,South Dakota,2426,1991
43,Tennessee,2556,1991
44,Texas,2355,1991
45,Utah,1979,1991
46,Vermont,2340,1991
47,Virginia,2353,1991
48,Washington,2522,1991
49,West Virginia,2597,1991
50,Wisconsin,2557,1991
51,Wyoming,2227,1991
